"Q_ID","Category_VI","Category_JP","Question_VI","Question_JP","Context_VI","Context_JP","Answer_VI","Answer_JP","Priority","Status","Raised_By","Raised_Date","Answered_By","Answered_Date","Ref_ID","Notes_VI","Notes_JP"
"Q-001","Môi trường Jetson","Jetson環境","JetPack version thật đang chạy trên Jetson là bản nào? (chạy lệnh `cat /etc/nv_tegra_release` hoặc `apt show nvidia-jetpack` trên chính Jetson và gửi lại kết quả)","現在Jetsonで実際に稼働しているJetPackのバージョンを教えていただけますでしょうか？（Jetson本体で `cat /etc/nv_tegra_release` または `apt show nvidia-jetpack` を実行し、その結果をご共有いただけますでしょうか？）","JetPack 6.x đi với Ubuntu 22.04/ROS2 Humble; JetPack 7.x đi với Ubuntu 24.04/ROS2 Jazyy. Toàn bộ hướng dẫn cài đặt (SETUP-INSTALL-GUIDE.md) đang viết theo ROS2 Jazzy (đã build+test trên PC) — nếu Jetson là JetPack 6.x, cần đổi sang nhánh Humble của fanuc_driver/yolo_ros, không dùng nguyên hướng dẫn hiện tại.","JetPack 6.xはUbuntu 22.04/ROS2 Humbleに対応し、JetPack 7.xはUbuntu 24.04/ROS2 Jazzyに対応します。現在のセットアップ手順書（SETUP-INSTALL-GUIDE.md）はROS2 Jazzy前提（PC上で構築・検証済み）で作成されています。JetsonがJetPack 6.xの場合、fanuc_driver/yolo_rosをHumbleブランチに切り替える必要があり、現行手順をそのまま使用できません。","","","High","Open","Hoang Duc","2026-09-12","","","Chưa xác nhận (mở sau câu hỏi trực tiếp 2026-09-12)","Cần trả lời TRƯỚC khi bắt đầu Bước 1 của SETUP-INSTALL-GUIDE.md","SETUP-INSTALL-GUIDE.md 手順1を開始する前に必ずご回答ください"
"Q-002","Môi trường Jetson","Jetson環境","Model Jetson chính xác đang dùng là gì? (Orin Nano / Orin NX / AGX Orin, hay dòng Thor: T4000 / T5000 / AGX Thor)","現在ご使用のJetsonの正確なモデルを教えていただけますでしょうか？（Orin Nano / Orin NX / AGX Orin、またはThorシリーズ：T4000 / T5000 / AGX Thor）","Giúp xác định phần cứng có tương thích JetPack 7.x (Thor) hay chỉ tới JetPack 6.x (Orin, trừ khi đã update JetPack 7.2 trở lên) — hỗ trợ chéo với câu Q-001.","ハードウェアがJetPack 7.x（Thor系）に対応しているか、あるいはJetPack 6.xまで（Orin系、JetPack 7.2以降にアップデート済みの場合を除く）なのかを確認するためです。Q-001の回答と合わせて判断します。","","","High","Open","Hoang Duc","2026-09-12","","","—","",""
"Q-003","Nhận diện vật (Vision)","物体認識（ビジョン）","Lần test nhận diện đầu tiên sẽ dùng vật mẫu nào? Đề xuất chọn từ danh sách dễ nhận diện: chai nước (bottle), cốc (cup), điện thoại (cell phone), sách (book), bàn phím (keyboard), chuột máy tính (mouse), kéo (scissors). Vui lòng xác nhận 2-3 vật xưởng có sẵn trong danh sách này.","初回の物体認識テストではどの物体を使用しますか？認識しやすいものとして以下から選択いただくことをお勧めします：ペットボトル(bottle)、コップ(cup)、携帯電話(cell phone)、本(book)、キーボード(keyboard)、マウス(mouse)、はさみ(scissors)。工場に現在ある物を2〜3点、このリストからご確認・ご用意いただけますでしょうか。","Model nhận diện hiện tại (YOLOv8 pretrained) chỉ nhận diện được 80 class COCO có sẵn, KHÔNG nhận diện được vật đặc thù của xưởng (chưa train riêng). Xác nhận trước để chuẩn bị đúng vật, tránh mất thời gian test với vật không nhận diện được.","現在の認識モデル（YOLOv8事前学習済み）はCOCOの80クラスのみ認識可能で、工場特有の部品などは認識できません（個別学習未実施のため）。事前にご確認いただくことで、認識できない物体でテストして時間を無駄にすることを防げます。","","","High","Open","Hoang Duc","2026-09-12","","","TEST-SCENARIO-real-robot-trial.md Mục 2.2","Nếu muốn nhận diện vật đặc thù của xưởng sau này: cần dự án riêng (fine-tune model hoặc YOLO-World) — không nằm trong phạm vi lần giao này.","工場特有の物体を将来的に認識させたい場合は別プロジェクト（モデルの追加学習またはYOLO-World導入）が必要です。今回の納品範囲には含まれません。"
"Q-004","Robot Fanuc","Fanucロボット","Model CRX chính xác là gì (CRX-3iA / 5iA / 10iA / 10iA-L / 20iA-L / 30iA), và phiên bản phần mềm controller hiện tại (R-30iB Plus/Mate Plus/Mini Plus/R-50iA, số version)?","正確なCRXモデルを教えてください（CRX-3iA / 5iA / 10iA / 10iA-L / 20iA-L / 30iA）。また、現在のコントローラソフトウェアバージョン（R-30iB Plus/Mate Plus/Mini Plus/R-50iAおよびバージョン番号）もご確認いただけますでしょうか。","Đã xác nhận robot thuộc dòng CRX và có option Stream Motion/Remote Motion/S636 — nhưng cần đúng tên model để truyền tham số `robot_model:=` khi launch `fanuc_moveit_config`, và version controller để đối chiếu yêu cầu tối thiểu của fanuc_driver.","ロボットがCRXシリーズであり、Stream Motion/Remote Motion/S636オプションを保有していることは確認済みですが、`fanuc_moveit_config`起動時の`robot_model:=`パラメータ指定、およびfanuc_driverが要求する最小バージョンとの照合のため、正確なモデル名とコントローラバージョンが必要です。","","","High","Open","Hoang Duc","2026-09-12","","","ROADMAP.md Phase 5","",""
"Q-005","Thiết lập vật lý","物理的セットアップ","Camera phần cứng đang/sẽ dùng là loại nào (hãng, model)? Đã có driver ROS2 cho camera đó chưa (tên package/topic ảnh)?","使用予定のカメラのハードウェア（メーカー・型番）を教えてください。そのカメラ用のROS2ドライバは準備済みでしょうか（パッケージ名・画像トピック名）？","SETUP-INSTALL-GUIDE.md Bước 8 (Terminal 2) cần launch đúng driver camera thật — hiện chưa biết xưởng dùng camera gì nên để trống, cần xưởng tự chọn/cung cấp theo phần cứng đang có.","SETUP-INSTALL-GUIDE.md 手順8（ターミナル2）で実際のカメラドライバを起動する必要がありますが、現時点でどのカメラをご使用か把握していないため空欄にしています。お使いのハードウェアに応じて選定・ご提供をお願いします。","","","Medium","Open","Hoang Duc","2026-09-12","","","SETUP-INSTALL-GUIDE.md Bước 8","",""
"Q-006","Thiết lập vật lý","物理的セットアップ","Vùng không gian AN TOÀN cho phép tay máy di chuyển tới là bao nhiêu? Cần 6 số (đơn vị mét), tính từ gốc tọa độ robot `base_link` (tâm mặt bích gắn robot vào sàn/bệ, KHÔNG phải đầu công cụ): x_min, x_max, y_min, y_max, z_min, z_max. Nếu xưởng đã có bản vẽ bố trí an toàn (safety layout) của vùng làm việc, xin gửi kèm — sẽ nhanh hơn tự đo tay.","アームの移動を許可する安全な空間範囲を教えてください。ロボット原点`base_link`（ロボットを床/台に固定するフランジの中心、ツール先端ではありません）を基準に、以下6つの数値（単位：メートル）が必要です：x_min, x_max, y_min, y_max, z_min, z_max。工場内の安全レイアウト図（作業エリア配置図）がございましたら、それをご共有いただく方が実測より早く確実です。","Hiện đang dùng giá trị giả định [-1,1]×[-1,1]×[0,1.5]m từ bản test simulator (DDB-bridge-node.md Open Issue #3), KHÔNG phải số đo thật — nếu không đổi, tay máy sẽ dùng nhầm giới hạn của simulator khi chạy trên robot thật, có thể cho phép hoặc cấm sai vùng. Xác nhận 1 lần các số đo này giúp Mirabo dựng lại môi trường test trên simulator (Gazebo) khớp đúng kích thước thật của xưởng trước khi ra hiện trường — giảm bất ngờ khi chạy thử thật, không phải đo đi đo lại nhiều lần.","現在はシミュレータテスト時の仮の値 [-1,1]×[-1,1]×[0,1.5]m を使用しており（DDB-bridge-node.md オープン課題#3）、実測値ではありません。変更しない場合、実機でシミュレータの制限値を誤って使用してしまい、許可・禁止すべきエリアを誤判定するおそれがあります。 この数値を一度ご確認いただくことで、Mirabo側で現場の実寸に合わせたシミュレータ（Gazebo）環境を事前に再構築でき、現地での試運転時の想定外を減らせます。何度も再測定いただく必要はありません。","","","High","Open","Hoang Duc","2026-09-12","","","DDB-bridge-node.md Open Issue #3","Camera phải lắp CỐ ĐỊNH CHẮC CHẮN trước khi đo bất kỳ số nào ở Q-006/Q-007/Q-008 — nếu xê dịch sau khi đo, hệ thống không tự phát hiện được (Open Issue #8).","Q-006/Q-007/Q-008のいずれの測定前にも、カメラを確実に固定してください。測定後にカメラがずれた場合、システムは自動検知できません（オープン課題#8）。"
"Q-007","Thiết lập vật lý","物理的セットアップ","Chiều cao mặt phẳng đặt vật (mặt bàn/băng chuyền nơi vật xuất hiện) so với gốc `base_link` là bao nhiêu mét? Chỉ cần 1 số (trục Z).","物体が置かれる面（作業台やコンベアの上面など）の高さは、`base_link`原点から見て何メートルですか？Z軸の数値1つで結構です。","Hiện đang dùng giá trị giả định 0.0m (`table_height`, DDB-bridge-node.md Open Issue #5) — đây là mặt phẳng dùng để tính vị trí 3D của vật từ ảnh 2D khi không có camera depth. Sai số vài cm ở đây làm robot tính sai độ cao vật thể. Xác nhận 1 lần các số đo này giúp Mirabo dựng lại môi trường test trên simulator (Gazebo) khớp đúng kích thước thật của xưởng trước khi ra hiện trường — giảm bất ngờ khi chạy thử thật, không phải đo đi đo lại nhiều lần.","現在は仮の値 0.0m（`table_height`、DDB-bridge-node.md オープン課題#5）を使用しています。これは深度カメラが無い場合に2D画像から物体の3D位置を算出するための基準面です。ここに数cmの誤差があると、ロボットが物体の高さを誤って計算します。 この数値を一度ご確認いただくことで、Mirabo側で現場の実寸に合わせたシミュレータ（Gazebo）環境を事前に再構築でき、現地での試運転時の想定外を減らせます。何度も再測定いただく必要はありません。","","","High","Open","Hoang Duc","2026-09-12","","","DDB-bridge-node.md Open Issue #5","",""
"Q-008","Thiết lập vật lý","物理的セットアップ","Camera lắp ở đâu so với gốc robot `base_link`? Cần: (1) khoảng cách 3 trục X, Y, Z tính bằng mét, (2) góc nghiêng/xoay của camera (roll, pitch, yaw tính bằng độ, hoặc quaternion nếu có sẵn từ công cụ CAD/calibration). Khuyến nghị đo bằng thước dây + thước đo góc cẩn thận, hoặc tốt hơn là dùng phương pháp hand-eye calibration nếu xưởng có kinh nghiệm — KHÔNG ước lượng bằng mắt.","カメラはロボット原点`base_link`から見てどこに設置されていますか？必要な情報：(1) X, Y, Z の3軸方向の距離（メートル）、(2) カメラの傾き・回転角度（roll, pitch, yaw を度単位、またはCAD/キャリブレーションツールで得られるquaternionがあればそちらでも可）。メジャーと角度計を使って慎重に測定するか、可能であればhand-eyeキャリブレーション手法を推奨します。目視での概算は避けてください。","Hiện đang dùng transform giả (static, đặt tay lúc test simulator: camera cách gốc 1.0m theo trục Z, xoay 180°) — hoàn toàn không khớp setup thật của xưởng. Đây là số liệu quan trọng nhất trong 3 số (Q-006/007/008): sai vài độ về góc có thể làm robot lệch vị trí nhiều cm ở khoảng cách xa. Xác nhận 1 lần các số đo này giúp Mirabo dựng lại môi trường test trên simulator (Gazebo) khớp đúng kích thước thật của xưởng trước khi ra hiện trường — giảm bất ngờ khi chạy thử thật, không phải đo đi đo lại nhiều lần.","現在は仮のtransform（シミュレータテスト時に手動設定：Z軸方向に1.0m、180°回転）を使用しており、工場の実際のセットアップとは全く一致しません。これはQ-006/007/008の中で最も重要な数値です — 角度が数度ずれるだけで、離れた位置ではロボットの到達点が数cm単位でずれる可能性があります。 この数値を一度ご確認いただくことで、Mirabo側で現場の実寸に合わせたシミュレータ（Gazebo）環境を事前に再構築でき、現地での試運転時の想定外を減らせます。何度も再測定いただく必要はありません。","","","High","Open","Hoang Duc","2026-09-12","","","DDB-bridge-node.md §5 (tf2 lookup), Open Issue #8","",""
"Q-009","Kết nối mạng","ネットワーク接続","Kết nối network giữa PC/Jetson chạy ROS2 và Fanuc controller đã được thiết lập chưa (IP, port theo tài liệu FANUC ROS 2 Driver Documentation)?","ROS2を実行するPC/JetsonとFanucコントローラ間のネットワーク接続（IPアドレス、ポート — FANUC ROS 2 Driver Documentationに準拠）は設定済みでしょうか？","Phần này ngoài phạm vi gói giao (SETUP-INSTALL-GUIDE.md ghi rõ đây là việc xưởng tự làm theo tài liệu FANUC chính thức) — cần xác nhận đã xong hay còn vướng gì trước khi hẹn lịch chạy thử.","この項目は納品範囲外です（SETUP-INSTALL-GUIDE.mdにも、FANUC公式ドキュメントに従い工場側で対応する事項として明記しています）。試運転の日程を調整する前に、完了状況や課題の有無をご確認させてください。","","","Medium","Open","Hoang Duc","2026-09-12","","","SETUP-INSTALL-GUIDE.md 'Việc KHÔNG nằm trong gói này'","",""
